ts,memory bandwidth (GB/s),tid,pid,dur,context,stream,cat,ph,name,device,bytes,correlation,External id
6083647121558.536,0.314859437751004,7,0,1.248,1,7,gpu_memset,X,Memset (Device),0,784,373,82
6083647121908.583,0.22371364653243847,7,0,0.897,1,7,gpu_memset,X,Memset (Device),0,400,619,134
6083647122053.671,0.22371364653243847,7,0,0.896,1,7,gpu_memset,X,Memset (Device),0,400,736,159
6083647122665.734,0.12524461839530332,7,0,0.512,1,7,gpu_memset,X,Memset (Device),0,128,1243,263
6083647127364.285,0.07424593967517401,7,0,0.864,1,7,gpu_memset,X,Memset (Device),0,128,1364,288
6083647127467.709,0.07158836689038031,7,0,0.896,1,7,gpu_memset,X,Memset (Device),0,128,1485,313
