External id,cat,memory bandwidth (GB/s),ph,pid,correlation,device,bytes,tid,context,stream,name,ts,dur
82,gpu_memset,0.314859437751004,X,0,373,0,784,7,1,7,Memset (Device),6083647121558.536,1.248
134,gpu_memset,0.22371364653243847,X,0,619,0,400,7,1,7,Memset (Device),6083647121908.583,0.897
159,gpu_memset,0.22371364653243847,X,0,736,0,400,7,1,7,Memset (Device),6083647122053.671,0.896
263,gpu_memset,0.12524461839530332,X,0,1243,0,128,7,1,7,Memset (Device),6083647122665.734,0.512
288,gpu_memset,0.07424593967517401,X,0,1364,0,128,7,1,7,Memset (Device),6083647127364.285,0.864
313,gpu_memset,0.07158836689038031,X,0,1485,0,128,7,1,7,Memset (Device),6083647127467.709,0.896
