ts,memory bandwidth (GB/s),tid,pid,dur,context,stream,cat,ph,name,device,bytes,correlation,External id
6928969222278.624,0.5009784735812133,7,0,0.512,1,7,gpu_memset,X,Memset (Device),0,512,1530,264
6928969222785.183,0.1336116910229645,7,0,0.48,1,7,gpu_memset,X,Memset (Device),0,128,1628,281
6928969224176.253,0.1336116910229645,7,0,0.48,1,7,gpu_memset,X,Memset (Device),0,128,1828,314
6928969224937.244,0.08020050125313283,7,0,0.8,1,7,gpu_memset,X,Memset (Device),0,128,1932,331
