External id,cat,memory bandwidth (GB/s),ph,pid,correlation,device,bytes,tid,context,stream,name,ts,dur
3666,gpu_memset,0.7671232876712328,X,0,26235,0,784,7,1,7,Memset (Device),6784356004654.981,0.512
3718,gpu_memset,0.0894854586129754,X,0,26489,0,400,7,1,7,Memset (Device),6784356007330.01,2.24
3743,gpu_memset,0.21609940572663425,X,0,26606,0,400,7,1,7,Memset (Device),6784356007471.45,0.927
3847,gpu_memset,0.07162842753217684,X,0,27117,0,128,7,1,7,Memset (Device),6784356010462.797,0.896
3872,gpu_memset,0.07710843373493977,X,0,27238,0,128,7,1,7,Memset (Device),6784356010563.564,0.832
3897,gpu_memset,0.1336116910229645,X,0,27359,0,128,7,1,7,Memset (Device),6784356010664.748,0.48
